<?xml version="1.0" encoding="UTF-8"?>
<metadata xmlns="http://www.demandware.com/xml/impex/metadata/2006-10-31">
  <type-extension type-id="Profile">
        <custom-attribute-definitions>
            <attribute-definition attribute-id="babyRegistry">
                <display-name xml:lang="x-default">Baby Registry</display-name>
                <type>text</type>
                <mandatory-flag>false</mandatory-flag>
                <externally-managed-flag>false</externally-managed-flag>
            </attribute-definition>
		</custom-attribute-definitions>
        <group-definitions>
            <attribute-group group-id="BabyRegisteration">
                <display-name xml:lang="x-default">Baby Registeration</display-name>
                <attribute attribute-id="babyRegistry"/>
            </attribute-group>
        </group-definitions>	
    </type-extension>
</metadata>