<?xml version="1.0" encoding="UTF-8"?>
<preferences xmlns="http://www.demandware.com/xml/impex/preferences/2007-03-31">
   <custom-preferences>
        <all-instances>
            <preference preference-id="payUCheckoutURL">https://test.payu.in/_payment</preference>
            <preference preference-id="payUEnabled">true</preference>
            <preference preference-id="payUMerchantKey">32t9hX</preference>
            <preference preference-id="payUSaltKey">gcs43una</preference>
            <preference preference-id="payUServiceProvider">payu_paisa</preference>
        </all-instances>
    </custom-preferences>
</preferences>

