<?xml version="1.0" encoding="UTF-8"?>
<metadata xmlns="http://www.demandware.com/xml/impex/metadata/2006-10-31">

    <type-extension type-id="Product">

        <custom-attribute-definitions>
            <attribute-definition attribute-id="Specifications">
                <display-name xml:lang="x-default">Specifications</display-name>
                <type>html</type>
                <localizable-flag>false</localizable-flag>
                <site-specific-flag>false</site-specific-flag>
                <mandatory-flag>false</mandatory-flag>
                <visible-flag>false</visible-flag>
                <externally-managed-flag>false</externally-managed-flag>
                <order-required-flag>false</order-required-flag>
                <externally-defined-flag>false</externally-defined-flag>
            </attribute-definition>
            <attribute-definition attribute-id="pdfDetail">
                <display-name xml:lang="x-default">Pdf Detail</display-name>
                <type>html</type>
                <localizable-flag>false</localizable-flag>
                <site-specific-flag>false</site-specific-flag>
                <mandatory-flag>false</mandatory-flag>
                <visible-flag>false</visible-flag>
                <externally-managed-flag>false</externally-managed-flag>
                <order-required-flag>false</order-required-flag>
                <externally-defined-flag>false</externally-defined-flag>
            </attribute-definition>
            <attribute-definition attribute-id="youtubeVideo">
                <display-name xml:lang="x-default">youtubeVideo</display-name>
                <type>html</type>
                <localizable-flag>false</localizable-flag>
                <site-specific-flag>false</site-specific-flag>
                <mandatory-flag>false</mandatory-flag>
                <visible-flag>false</visible-flag>
                <externally-managed-flag>false</externally-managed-flag>
                <order-required-flag>false</order-required-flag>
                <externally-defined-flag>false</externally-defined-flag>
            </attribute-definition>
        </custom-attribute-definitions>
        <group-definitions>
            <attribute-group group-id="FeaturesTitle">
                <display-name xml:lang="x-default">Features Title</display-name>
                <description xml:lang="x-default">display product Features Title</description>
                <attribute attribute-id="highlightsTextTitle1"/>
                <attribute attribute-id="highlightsTextTitle2"/>
                <attribute attribute-id="highlightsTextTitle3"/>
                <attribute attribute-id="highlightsTextTitle4"/>
                <attribute attribute-id="highlightsTextTitle5"/>
                <attribute attribute-id="highlightsTextTitle6"/>
                <attribute attribute-id="highlightsTextTitle7"/>
                <attribute attribute-id="highlightsTextTitle8"/>
                <attribute attribute-id="highlightsTextTitle9"/>
                <attribute attribute-id="highlightsTextTitle10"/>
                <attribute attribute-id="Specifications"/>
                <attribute attribute-id="youtubeVideo"/>
            </attribute-group>
            <attribute-group group-id="Pdf">
                <display-name xml:lang="x-default">Pdfs</display-name>
                <attribute attribute-id="pdfNames1"/>
                <attribute attribute-id="pdfPaths1"/>
                <attribute attribute-id="pdfNames2"/>
                <attribute attribute-id="pdfPaths2"/>
                <attribute attribute-id="pdfNames3"/>
                <attribute attribute-id="pdfPaths3"/>
                <attribute attribute-id="pdfNames4"/>
                <attribute attribute-id="pdfPaths4"/>
                <attribute attribute-id="pdfDetail"/>
            </attribute-group>
        </group-definitions>
    </type-extension>

</metadata>
