<?xml version="1.0" encoding="UTF-8"?>
<metadata xmlns="http://www.demandware.com/xml/impex/metadata/2006-10-31">
    <type-extension type-id="SitePreferences">
        <custom-attribute-definitions>
            <attribute-definition attribute-id="easyRewardzAppId">
                <display-name xml:lang="x-default">Easy Rewardz AppId</display-name>
                <type>string</type>
                <mandatory-flag>false</mandatory-flag>
                <externally-managed-flag>false</externally-managed-flag>
                <min-length>0</min-length>
            </attribute-definition>
            <attribute-definition attribute-id="easyRewardzAuthPassword">
                <display-name xml:lang="x-default">Easy Rewardz Auth Password</display-name>
                <type>string</type>
                <mandatory-flag>false</mandatory-flag>
                <externally-managed-flag>false</externally-managed-flag>
                <min-length>0</min-length>
            </attribute-definition>
            <attribute-definition attribute-id="easyRewardzAuthUserName">
                <display-name xml:lang="x-default">Easy Rewardz Auth UserName</display-name>
                <type>string</type>
                <mandatory-flag>false</mandatory-flag>
                <externally-managed-flag>false</externally-managed-flag>
                <min-length>0</min-length>
            </attribute-definition>
            <attribute-definition attribute-id="easyRewardzDevId">
                <display-name xml:lang="x-default">Easy Rewardz DevId</display-name>
                <type>string</type>
                <mandatory-flag>false</mandatory-flag>
                <externally-managed-flag>false</externally-managed-flag>
                <min-length>0</min-length>
            </attribute-definition>
            <attribute-definition attribute-id="easyRewardzProgramCode">
                <display-name xml:lang="x-default">Easy Rewardz ProgramCode</display-name>
                <type>string</type>
                <mandatory-flag>false</mandatory-flag>
                <externally-managed-flag>false</externally-managed-flag>
                <min-length>0</min-length>
            </attribute-definition>
            <attribute-definition attribute-id="easyRewardzStoreCode">
                <display-name xml:lang="x-default">Easy Rewardz StoreCode</display-name>
                <type>string</type>
                <mandatory-flag>false</mandatory-flag>
                <externally-managed-flag>false</externally-managed-flag>
                <min-length>0</min-length>
            </attribute-definition>
            <attribute-definition attribute-id="easyRewardzUserName">
                <display-name xml:lang="x-default">Easy Rewardz UserName</display-name>
                <type>string</type>
                <mandatory-flag>false</mandatory-flag>
                <externally-managed-flag>false</externally-managed-flag>
                <min-length>0</min-length>
            </attribute-definition>

        </custom-attribute-definitions>
        <group-definitions>
            <attribute-group group-id="EasyRewardz">
                <display-name xml:lang="x-default">Easy Rewardz</display-name>
                <attribute attribute-id="easyRewardzAuthUserName"/>
                <attribute attribute-id="easyRewardzAuthPassword"/>
                <attribute attribute-id="easyRewardzDevId"/>
                <attribute attribute-id="easyRewardzAppId"/>
                <attribute attribute-id="easyRewardzUserName"/>
                <attribute attribute-id="easyRewardzProgramCode"/>
                <attribute attribute-id="easyRewardzStoreCode"/>
            </attribute-group>
        </group-definitions>
    </type-extension>
</metadata>

