<?xml version="1.0" encoding="UTF-8"?>
<metadata xmlns="http://www.demandware.com/xml/impex/metadata/2006-10-31">
    <type-extension type-id="Basket">
        <custom-attribute-definitions>
            <attribute-definition attribute-id="gvAmount">
                <display-name xml:lang="x-default">gvAmount</display-name>
                <type>string</type>
                <mandatory-flag>false</mandatory-flag>
                <externally-managed-flag>false</externally-managed-flag>
                <min-length>0</min-length>
            </attribute-definition>
            <attribute-definition attribute-id="gvCode">
                <display-name xml:lang="x-default">gvCode</display-name>
                <type>string</type>
                <mandatory-flag>false</mandatory-flag>
                <externally-managed-flag>false</externally-managed-flag>
                <min-length>0</min-length>
            </attribute-definition>
            <attribute-definition attribute-id="gvIssued">
                <display-name xml:lang="x-default">GV Issued</display-name>
                <type>boolean</type>
                <mandatory-flag>false</mandatory-flag>
                <externally-managed-flag>false</externally-managed-flag>
            </attribute-definition>
            <attribute-definition attribute-id="gvRequestID">
                <display-name xml:lang="x-default">gvRequestID</display-name>
                <type>string</type>
                <mandatory-flag>false</mandatory-flag>
                <externally-managed-flag>false</externally-managed-flag>
                <min-length>0</min-length>
            </attribute-definition>
            <attribute-definition attribute-id="loyaltyBillNo">
                <display-name xml:lang="x-default">loyaltyBillNo</display-name>
                <type>string</type>
                <mandatory-flag>false</mandatory-flag>
                <externally-managed-flag>false</externally-managed-flag>
                <min-length>0</min-length>
            </attribute-definition>
    </type-extension>

    <type-extension type-id="Order">
        <custom-attribute-definitions>
            <attribute-definition attribute-id="gvAmount">
                <display-name xml:lang="x-default">gvAmount</display-name>
                <type>string</type>
                <mandatory-flag>false</mandatory-flag>
                <externally-managed-flag>false</externally-managed-flag>
                <min-length>0</min-length>
            </attribute-definition>
            <attribute-definition attribute-id="gvCode">
                <display-name xml:lang="x-default">gvCode</display-name>
                <type>string</type>
                <mandatory-flag>false</mandatory-flag>
                <externally-managed-flag>false</externally-managed-flag>
                <min-length>0</min-length>
            </attribute-definition>
            <attribute-definition attribute-id="gvIssued">
                <display-name xml:lang="x-default">Gv Issued</display-name>
                <type>boolean</type>
                <mandatory-flag>false</mandatory-flag>
                <externally-managed-flag>false</externally-managed-flag>
            </attribute-definition>
            <attribute-definition attribute-id="gvRequestID">
                <display-name xml:lang="x-default">gvRequestID</display-name>
                <type>string</type>
                <mandatory-flag>false</mandatory-flag>
                <externally-managed-flag>false</externally-managed-flag>
                <min-length>0</min-length>
            </attribute-definition>
            <attribute-definition attribute-id="loyaltyBillNo">
                <display-name xml:lang="x-default">loyalty Points Bill No</display-name>
                <type>string</type>
                <mandatory-flag>false</mandatory-flag>
                <externally-managed-flag>false</externally-managed-flag>
                <min-length>0</min-length>
            </attribute-definition>
            <attribute-definition attribute-id="loyaltyredemptionId">
                <display-name xml:lang="x-default">Loyalty Redemption Id</display-name>
                <type>string</type>
                <mandatory-flag>false</mandatory-flag>
                <externally-managed-flag>false</externally-managed-flag>
                <min-length>0</min-length>
            </attribute-definition>
        </custom-attribute-definitions>
        <group-definitions>
            <attribute-group group-id="EasyRwardzGV">
                <display-name xml:lang="x-default">EasyRwardz GV</display-name>
                <attribute attribute-id="gvRequestID"/>
                <attribute attribute-id="gvCode"/>
                <attribute attribute-id="gvAmount"/>
                <attribute attribute-id="gvIssued"/>
            </attribute-group>
            <attribute-group group-id="LoyaltyPoints">
                <display-name xml:lang="x-default">LoyaltyPoints</display-name>
                <attribute attribute-id="loyaltyBillNo"/>
                <attribute attribute-id="loyaltyredemptionId"/>
            </attribute-group>
        </group-definitions>
    </type-extension>
    <type-extension type-id="Profile">
        <custom-attribute-definitions>
            <attribute-definition attribute-id="gvCardsNo">
                <display-name xml:lang="x-default">GV Cards No</display-name>
                <type>text</type>
                <mandatory-flag>false</mandatory-flag>
                <externally-managed-flag>false</externally-managed-flag>
            </attribute-definition>
        </custom-attribute-definitions>
        <group-definitions>
            <attribute-group group-id="GV">
                <display-name xml:lang="x-default">GV</display-name>
                <attribute attribute-id="gvCardsNo"/>
            </attribute-group>
        </group-definitions>
    </type-extension>
	
	
    <type-extension type-id="SitePreferences">
        <custom-attribute-definitions>
            <attribute-definition attribute-id="easyRewardzActivityCode">
                <display-name xml:lang="x-default">Easy Rewardz ActivityCode</display-name>
                <type>string</type>
                <mandatory-flag>false</mandatory-flag>
                <externally-managed-flag>false</externally-managed-flag>
                <min-length>0</min-length>
            </attribute-definition>
        </custom-attribute-definitions>
        <group-definitions>
            <attribute-group group-id="EasyRewardz">
                <display-name xml:lang="x-default">Easy Rewardz</display-name>
                <attribute attribute-id="easyRewardzAuthUserName"/>
                <attribute attribute-id="easyRewardzAuthPassword"/>
                <attribute attribute-id="easyRewardzDevId"/>
                <attribute attribute-id="easyRewardzAppId"/>
                <attribute attribute-id="easyRewardzUserName"/>
                <attribute attribute-id="easyRewardzProgramCode"/>
                <attribute attribute-id="easyRewardzStoreCode"/>
                <attribute attribute-id="easyRewardzActivityCode"/>
            </attribute-group>
        </group-definitions>
    </type-extension>

 

 </metadata>

 
  