<?xml version="1.0" encoding="UTF-8"?>
<jobs xmlns="http://www.demandware.com/xml/impex/jobs/2015-07-01">

    <job job-id="Import-Inventory" priority="0">
        <description/>
        <parameters/>
        <flow>
            <context site-id="RefArch"/>
            <step step-id="CreateInvenotryFiles" type="custom.createIncreffInventoryFiles" enforce-restart="false">
                <description/>
                <parameters>
                    <parameter name="workingDir">IMPEX/src/increff/inventory/</parameter>
                    <parameter name="listId">inventory_m</parameter>
                </parameters>
            </step>
        </flow>
        <flow>
            <context site-id="Sites"/>
            <step step-id="ImportInventory" type="ImportInventoryLists" enforce-restart="false">
                <description/>
                <parameters>
                    <parameter name="WorkingFolder">increff/inventory</parameter>
                    <parameter name="FileNamePattern">.*\.xml</parameter>
                    <parameter name="NoFilesFoundHandling">NO_FILES_FOUND</parameter>
                    <parameter name="ImportMode">Update</parameter>
                    <parameter name="ImportFailedHandling">WARN</parameter>
                    <parameter name="AfterImportFileHandling">Archive</parameter>
                    <parameter name="ArchiveFolder">archive</parameter>
                </parameters>
            </step>
        </flow>
        <rules/>
        <triggers>
            <run-once enabled="false">
                <date>2021-07-11Z</date>
                <time>17:37:22.000Z</time>
            </run-once>
        </triggers>
    </job>
</jobs>
