<?xml version="1.0" encoding="UTF-8"?>
<services xmlns="http://www.demandware.com/xml/impex/services/2014-09-26">

    <service-credential service-credential-id="int.increff.service.api.credentials">
        <url>https://staging-oltp.increff.com/assure-magic2</url>
        <user-id>CHICCO-1200027778</user-id>
        <password masked="true">********</password>
    </service-credential>

    <service-credential service-credential-id="int.increff.service.oms.api.credentials">
        <url>http://staging-oltp.increff.com/proms/api/integration</url>
        <user-id>test.user</user-id>
        <password masked="true">********</password>
    </service-credential>

    <service-credential service-credential-id="int.shiprocket.credentials.get.availability">
        <url>https://apiv2.shiprocket.in/v1/external/courier/serviceability/</url>
        <user-id/>
        <password masked="true">********</password>
    </service-credential>

    <service-credential service-credential-id="int.shiprockets.credentials.auth">
        <url>https://apiv2.shiprocket.in/v1/external/auth/login</url>
        <user-id>haroonrose150@gmail.com</user-id>
        <password masked="true">********</password>
    </service-credential>


    <service-profile service-profile-id="int.increff.profile">
        <timeout-millis>5000</timeout-millis>
        <rate-limit-enabled>false</rate-limit-enabled>
        <rate-limit-calls>0</rate-limit-calls>
        <rate-limit-millis>0</rate-limit-millis>
        <cb-enabled>false</cb-enabled>
        <cb-calls>0</cb-calls>
        <cb-millis>0</cb-millis>
    </service-profile>

    <service-profile service-profile-id="int.shiprocket.profile">
        <timeout-millis>2000</timeout-millis>
        <rate-limit-enabled>false</rate-limit-enabled>
        <rate-limit-calls>0</rate-limit-calls>
        <rate-limit-millis>0</rate-limit-millis>
        <cb-enabled>false</cb-enabled>
        <cb-calls>0</cb-calls>
        <cb-millis>0</cb-millis>
    </service-profile>

    <service service-id="int.increff.oms.service.api">
        <service-type>HTTP</service-type>
        <enabled>true</enabled>
        <log-prefix>increffoms</log-prefix>
        <comm-log-enabled>true</comm-log-enabled>
        <force-prd-enabled>false</force-prd-enabled>
        <mock-mode-enabled>false</mock-mode-enabled>
        <profile-id>int.increff.profile</profile-id>
        <credential-id>int.increff.service.oms.api.credentials</credential-id>
    </service>

    <service service-id="int.increff.service.api">
        <service-type>HTTP</service-type>
        <enabled>true</enabled>
        <log-prefix>increff</log-prefix>
        <comm-log-enabled>true</comm-log-enabled>
        <force-prd-enabled>false</force-prd-enabled>
        <mock-mode-enabled>false</mock-mode-enabled>
        <profile-id>int.increff.profile</profile-id>
        <credential-id>int.increff.service.api.credentials</credential-id>
    </service>

    <service service-id="int.shiprocket.service.auth">
        <service-type>HTTP</service-type>
        <enabled>true</enabled>
        <log-prefix>ShipRocket</log-prefix>
        <comm-log-enabled>true</comm-log-enabled>
        <force-prd-enabled>false</force-prd-enabled>
        <mock-mode-enabled>false</mock-mode-enabled>
        <profile-id>int.shiprocket.profile</profile-id>
        <credential-id>int.shiprockets.credentials.auth</credential-id>
    </service>

    <service service-id="int.shiprocket.service.get.availability">
        <service-type>HTTP</service-type>
        <enabled>true</enabled>
        <log-prefix>ShipRocket</log-prefix>
        <comm-log-enabled>true</comm-log-enabled>
        <force-prd-enabled>false</force-prd-enabled>
        <mock-mode-enabled>false</mock-mode-enabled>
        <profile-id>int.shiprocket.profile</profile-id>
        <credential-id>int.shiprocket.credentials.get.availability</credential-id>
    </service>

</services>
