<?xml version="1.0" encoding="UTF-8"?>
<metadata xmlns="http://www.demandware.com/xml/impex/metadata/2006-10-31">
    <type-extension type-id="Promotion">
        <custom-attribute-definitions>
            <attribute-definition attribute-id="promotionPageURL">
                <display-name xml:lang="x-default">Promotion Page URL</display-name>
                <type>html</type>
                <localizable-flag>false</localizable-flag>
                <mandatory-flag>false</mandatory-flag>
                <externally-managed-flag>false</externally-managed-flag>
            </attribute-definition>
        </custom-attribute-definitions>
        <group-definitions>
            <attribute-group group-id="URL">
                <display-name xml:lang="x-default">URL</display-name>
                <attribute attribute-id="promotionPageURL"/>
            </attribute-group>
        </group-definitions>
    </type-extension>
	
</metadata>