<?xml version="1.0" encoding="UTF-8"?>
<metadata xmlns="http://www.demandware.com/xml/impex/metadata/2006-10-31"> 
 <type-extension type-id="ProductLineItem">
    <custom-attribute-definitions>
            <attribute-definition attribute-id="gvGiftCode">
                <display-name xml:lang="x-default">Gv Gift Code</display-name>
                <type>string</type>
                <mandatory-flag>false</mandatory-flag>
                <externally-managed-flag>false</externally-managed-flag>
                <min-length>0</min-length>
            </attribute-definition>
            <attribute-definition attribute-id="gvIssueAmount">
                <display-name xml:lang="x-default">Gv Issue Amount</display-name>
                <type>string</type>
                <mandatory-flag>false</mandatory-flag>
                <externally-managed-flag>false</externally-managed-flag>
                <min-length>0</min-length>
            </attribute-definition>
            <attribute-definition attribute-id="gvIssueFrom">
                <display-name xml:lang="x-default">Gv Issue From</display-name>
                <type>string</type>
                <mandatory-flag>false</mandatory-flag>
                <externally-managed-flag>false</externally-managed-flag>
                <min-length>0</min-length>
            </attribute-definition>
            <attribute-definition attribute-id="gvIssueTo">
                <display-name xml:lang="x-default">Gv Issue To</display-name>
                <type>string</type>
                <mandatory-flag>false</mandatory-flag>
                <externally-managed-flag>false</externally-managed-flag>
                <min-length>0</min-length>
            </attribute-definition>
            <attribute-definition attribute-id="gvIssueToEmail">
                <display-name xml:lang="x-default">GV Issue To Email</display-name>
                <type>string</type>
                <mandatory-flag>false</mandatory-flag>
                <externally-managed-flag>false</externally-managed-flag>
                <min-length>0</min-length>
            </attribute-definition>
            <attribute-definition attribute-id="gvMsg">
                <display-name xml:lang="x-default">Gv Msg</display-name>
                <type>string</type>
                <mandatory-flag>false</mandatory-flag>
                <externally-managed-flag>false</externally-managed-flag>
                <min-length>0</min-length>
            </attribute-definition>
        </custom-attribute-definitions>
        <group-definitions>
            <attribute-group group-id="EasyRwardzGV">
                <display-name xml:lang="x-default">EasyRwardzGV</display-name>
                <attribute attribute-id="gvIssueToEmail"/>
                <attribute attribute-id="gvIssueAmount"/>
                <attribute attribute-id="gvIssueFrom"/>
                <attribute attribute-id="gvMsg"/>
                <attribute attribute-id="gvGiftCode"/>
                <attribute attribute-id="gvIssueTo"/>
            </attribute-group>
        </group-definitions>
    </type-extension>

      <type-extension type-id="SitePreferences">
        <custom-attribute-definitions>
            <attribute-definition attribute-id="easyRewardzActivityCode">
                <display-name xml:lang="x-default">Easy Rewardz ActivityCode</display-name>
                <type>string</type>
                <mandatory-flag>false</mandatory-flag>
                <externally-managed-flag>false</externally-managed-flag>
                <min-length>0</min-length>
            </attribute-definition>
            <attribute-definition attribute-id="easyRewardzAppId">
                <display-name xml:lang="x-default">Easy Rewardz AppId</display-name>
                <type>string</type>
                <mandatory-flag>false</mandatory-flag>
                <externally-managed-flag>false</externally-managed-flag>
                <min-length>0</min-length>
            </attribute-definition>
            <attribute-definition attribute-id="easyRewardzAuthPassword">
                <display-name xml:lang="x-default">Easy Rewardz Auth Password</display-name>
                <type>string</type>
                <mandatory-flag>false</mandatory-flag>
                <externally-managed-flag>false</externally-managed-flag>
                <min-length>0</min-length>
            </attribute-definition>
            <attribute-definition attribute-id="easyRewardzAuthUserName">
                <display-name xml:lang="x-default">Easy Rewardz Auth UserName</display-name>
                <type>string</type>
                <mandatory-flag>false</mandatory-flag>
                <externally-managed-flag>false</externally-managed-flag>
                <min-length>0</min-length>
            </attribute-definition>
            <attribute-definition attribute-id="easyRewardzDevId">
                <display-name xml:lang="x-default">Easy Rewardz DevId</display-name>
                <type>string</type>
                <mandatory-flag>false</mandatory-flag>
                <externally-managed-flag>false</externally-managed-flag>
                <min-length>0</min-length>
            </attribute-definition>
            <attribute-definition attribute-id="easyRewardzIssueOfferCode">
                <display-name xml:lang="x-default">Easy RewardzIssue Offer Code</display-name>
                <type>string</type>
                <mandatory-flag>false</mandatory-flag>
                <externally-managed-flag>false</externally-managed-flag>
                <min-length>0</min-length>
            </attribute-definition>
            <attribute-definition attribute-id="easyRewardzProgramCode">
                <display-name xml:lang="x-default">Easy Rewardz ProgramCode</display-name>
                <type>string</type>
                <mandatory-flag>false</mandatory-flag>
                <externally-managed-flag>false</externally-managed-flag>
                <min-length>0</min-length>
            </attribute-definition>
            <attribute-definition attribute-id="easyRewardzStoreCode">
                <display-name xml:lang="x-default">Easy Rewardz StoreCode</display-name>
                <type>string</type>
                <mandatory-flag>false</mandatory-flag>
                <externally-managed-flag>false</externally-managed-flag>
                <min-length>0</min-length>
            </attribute-definition>
            <attribute-definition attribute-id="easyRewardzUserName">
                <display-name xml:lang="x-default">Easy Rewardz UserName</display-name>
                <type>string</type>
                <mandatory-flag>false</mandatory-flag>
                <externally-managed-flag>false</externally-managed-flag>
                <min-length>0</min-length>
            </attribute-definition>
		 </custom-attribute-definitions>
        <group-definitions>
            <attribute-group group-id="EasyRewardz">
                <display-name xml:lang="x-default">Easy Rewardz</display-name>
                <attribute attribute-id="easyRewardzAuthUserName"/>
                <attribute attribute-id="easyRewardzAuthPassword"/>
                <attribute attribute-id="easyRewardzDevId"/>
                <attribute attribute-id="easyRewardzAppId"/>
                <attribute attribute-id="easyRewardzUserName"/>
                <attribute attribute-id="easyRewardzProgramCode"/>
                <attribute attribute-id="easyRewardzStoreCode"/>
                <attribute attribute-id="easyRewardzActivityCode"/>
                <attribute attribute-id="easyRewardzIssueOfferCode"/>
            </attribute-group>
        </group-definitions>
    </type-extension>

       <type-extension type-id="Order">
        <custom-attribute-definitions>
            <attribute-definition attribute-id="gvAmount">
                <display-name xml:lang="x-default">gvAmount</display-name>
                <type>string</type>
                <mandatory-flag>false</mandatory-flag>
                <externally-managed-flag>false</externally-managed-flag>
                <min-length>0</min-length>
            </attribute-definition>
            <attribute-definition attribute-id="gvCode">
                <display-name xml:lang="x-default">gvCode</display-name>
                <type>string</type>
                <mandatory-flag>false</mandatory-flag>
                <externally-managed-flag>false</externally-managed-flag>
                <min-length>0</min-length>
            </attribute-definition>
            <attribute-definition attribute-id="gvIssued">
                <display-name xml:lang="x-default">Gv Issued</display-name>
                <type>boolean</type>
                <mandatory-flag>false</mandatory-flag>
                <externally-managed-flag>false</externally-managed-flag>
            </attribute-definition>
            <attribute-definition attribute-id="gvRequestID">
                <display-name xml:lang="x-default">gvRequestID</display-name>
                <type>string</type>
                <mandatory-flag>false</mandatory-flag>
                <externally-managed-flag>false</externally-managed-flag>
                <min-length>0</min-length>
            </attribute-definition>
 </custom-attribute-definitions>
        <group-definitions>
            <attribute-group group-id="EasyRwardzGV">
                <display-name xml:lang="x-default">EasyRwardz GV</display-name>
                <attribute attribute-id="gvRequestID"/>
                <attribute attribute-id="gvCode"/>
                <attribute attribute-id="gvAmount"/>
                <attribute attribute-id="gvIssued"/>
            </attribute-group>
        </group-definitions>
    </type-extension>

 </metadata>