<?xml version="1.0" encoding="UTF-8"?>
<metadata xmlns="http://www.demandware.com/xml/impex/metadata/2006-10-31">

    <type-extension type-id="Product">
    <custom-attribute-definitions>
         <attribute-definition attribute-id="isReturnAllowed">
                <display-name xml:lang="x-default">isReturnAllowed</display-name>
                <type>boolean</type>
                <site-specific-flag>false</site-specific-flag>
                <mandatory-flag>false</mandatory-flag>
                <visible-flag>false</visible-flag>
                <externally-managed-flag>false</externally-managed-flag>
                <order-required-flag>false</order-required-flag>
                <externally-defined-flag>false</externally-defined-flag>
            </attribute-definition>
       </custom-attribute-definitions>
        <group-definitions>
            <attribute-group group-id="Returns">
                <display-name xml:lang="x-default">Returns</display-name>
                <attribute attribute-id="isReturnAllowed" system="false"/>
            </attribute-group>
		</group-definitions>
    </type-extension>

    <type-extension type-id="ProductLineItem">
       <custom-attribute-definitions>
            <attribute-definition attribute-id="increffQCStatus">
                <display-name xml:lang="x-default">Increff QC Status</display-name>
                <type>string</type>
                <mandatory-flag>false</mandatory-flag>
                <externally-managed-flag>false</externally-managed-flag>
                <min-length>0</min-length>
            </attribute-definition>
            <attribute-definition attribute-id="increffRefund">
                <display-name xml:lang="x-default">Increff Refund</display-name>
                <type>boolean</type>
                <mandatory-flag>false</mandatory-flag>
                <externally-managed-flag>false</externally-managed-flag>
            </attribute-definition>
            <attribute-definition attribute-id="increffReson">
                <display-name xml:lang="x-default">Increff Reason</display-name>
                <type>string</type>
                <mandatory-flag>false</mandatory-flag>
                <externally-managed-flag>false</externally-managed-flag>
                <min-length>0</min-length>
            </attribute-definition>
            <attribute-definition attribute-id="payURefundResponse">
                <display-name xml:lang="x-default">Pay U Refund Response</display-name>
                <type>text</type>
                <mandatory-flag>false</mandatory-flag>
                <externally-managed-flag>false</externally-managed-flag>
            </attribute-definition>
        </custom-attribute-definitions>
        <group-definitions>
     <attribute-group group-id="IncreffRefund">
                <display-name xml:lang="x-default">IncreffRefund</display-name>
                <attribute attribute-id="increffQCStatus"/>
                <attribute attribute-id="increffReson"/>
                <attribute attribute-id="increffRefund"/>
                <attribute attribute-id="payURefundResponse"/>
            </attribute-group>
        </group-definitions>
    </type-extension>

 
    <type-extension type-id="SitePreferences">
        <custom-attribute-definitions>
            <attribute-definition attribute-id="increffAuthpassword">
                <display-name xml:lang="x-default">Increff Authpassword</display-name>
                <type>string</type>
                <mandatory-flag>false</mandatory-flag>
                <externally-managed-flag>false</externally-managed-flag>
                <min-length>0</min-length>
            </attribute-definition>
            <attribute-definition attribute-id="increffAuthusername">
                <display-name xml:lang="x-default">Increff Authusername</display-name>
                <type>string</type>
                <mandatory-flag>false</mandatory-flag>
                <externally-managed-flag>false</externally-managed-flag>
                <min-length>0</min-length>
            </attribute-definition>
            <attribute-definition attribute-id="increffBaseURL">
                <display-name xml:lang="x-default">increff Base URL</display-name>
                <type>string</type>
                <mandatory-flag>false</mandatory-flag>
                <externally-managed-flag>false</externally-managed-flag>
                <min-length>0</min-length>
            </attribute-definition>
            <attribute-definition attribute-id="increffEnabled">
                <display-name xml:lang="x-default">Increff Enabled</display-name>
                <type>boolean</type>
                <mandatory-flag>false</mandatory-flag>
                <externally-managed-flag>false</externally-managed-flag>
                <default-value>false</default-value>
            </attribute-definition>
            <attribute-definition attribute-id="increffLocationCode">
                <display-name xml:lang="x-default">Increff Location Code</display-name>
                <type>string</type>
                <mandatory-flag>false</mandatory-flag>
                <externally-managed-flag>false</externally-managed-flag>
                <min-length>0</min-length>
                <default-value>110</default-value>
            </attribute-definition>
            <attribute-definition attribute-id="increffOMSDomainName">
                <display-name xml:lang="x-default">Increff OMS Domain Name</display-name>
                <type>string</type>
                <mandatory-flag>false</mandatory-flag>
                <externally-managed-flag>false</externally-managed-flag>
                <min-length>0</min-length>
            </attribute-definition>
			<attribute-definition attribute-id="shiprocketWareHouseLocationPinCode">
                <display-name xml:lang="x-default">Shiprocket WareHouse Location PinCode</display-name>
                <type>string</type>
                <mandatory-flag>false</mandatory-flag>
                <externally-managed-flag>false</externally-managed-flag>
                <min-length>0</min-length>
            </attribute-definition>
			<attribute-definition attribute-id="increffSellerGstin">
                <display-name xml:lang="x-default">Seller Gst No</display-name>
                <type>string</type>
                <mandatory-flag>false</mandatory-flag>
                <externally-managed-flag>false</externally-managed-flag>
                <min-length>0</min-length>
            </attribute-definition>
			<attribute-definition attribute-id="increffNotifcationUsername">
                <display-name xml:lang="x-default">Increff Notifcation Username</display-name>
                <type>string</type>
                <mandatory-flag>false</mandatory-flag>
                <externally-managed-flag>false</externally-managed-flag>
                <min-length>0</min-length>
            </attribute-definition>
			<attribute-definition attribute-id="increffNotificationPassword">
                <display-name xml:lang="x-default">Increff Notifcation Password</display-name>
                <type>string</type>
                <mandatory-flag>false</mandatory-flag>
                <externally-managed-flag>false</externally-managed-flag>
                <min-length>0</min-length>
            </attribute-definition>
			<attribute-definition attribute-id="increffWareHouseAddress">
                <display-name xml:lang="x-default">increff WareHouse Address JSON</display-name>
                <type>text</type>
                <mandatory-flag>false</mandatory-flag>
                <externally-managed-flag>false</externally-managed-flag>
            </attribute-definition>
  </custom-attribute-definitions>
        <group-definitions>
			<attribute-group group-id="Increff">
                <display-name xml:lang="x-default">Increff OMS</display-name>
                <attribute attribute-id="increffEnabled"/>
                <attribute attribute-id="increffBaseURL"/>
                <attribute attribute-id="increffAuthusername"/>
                <attribute attribute-id="increffAuthpassword"/>
                <attribute attribute-id="increffLocationCode"/>
                <attribute attribute-id="increffOMSDomainName"/>
				<attribute attribute-id="increffSellerGstin"/>
				<attribute attribute-id="increffWareHouseAddress"/>
				<attribute attribute-id="increffNotifcationUsername"/>
				<attribute attribute-id="increffNotificationPassword"/>
            </attribute-group>
			<attribute-group group-id="ShipRocket">
                <display-name xml:lang="x-default">ShipRocket</display-name>
                <attribute attribute-id="shiprocketWareHouseLocationPinCode"/>
            </attribute-group>
        </group-definitions>
    </type-extension>

</metadata>
