<?xml version="1.0" encoding="UTF-8"?>
<custom-objects xmlns="http://www.demandware.com/xml/impex/customobject/2006-10-31">
    <custom-object type-id="yotpoConfiguration" object-id="default">
        <object-attribute attribute-id="appKey">ceO1P9hReAAWmv55ckK1CfyIE49ycpPkSVRG2ncL</object-attribute>
        <object-attribute attribute-id="clientSecretKey">XXRCKMBrQQFJqJwbP3xnXm0cZRwUUo2NxU09IHJf</object-attribute>
        <object-attribute attribute-id="enablePurchaseFeed">false</object-attribute>
        <object-attribute attribute-id="enableRatings">true</object-attribute>
        <object-attribute attribute-id="enableReviews">true</object-attribute>
    </custom-object>

    <custom-object type-id="yotpoConfiguration" object-id="en">
        <object-attribute attribute-id="appKey">ceO1P9hReAAWmv55ckK1CfyIE49ycpPkSVRG2ncL</object-attribute>
        <object-attribute attribute-id="clientSecretKey">XXRCKMBrQQFJqJwbP3xnXm0cZRwUUo2NxU09IHJf</object-attribute>
        <object-attribute attribute-id="enablePurchaseFeed">false</object-attribute>
        <object-attribute attribute-id="enableRatings">true</object-attribute>
        <object-attribute attribute-id="enableReviews">true</object-attribute>
        <object-attribute attribute-id="utokenAuthCode">ceO1P9hReAAWmv55ckK1CfyIE49ycpPkSVRG2ncL</object-attribute>
    </custom-object>

    <custom-object type-id="yotpoConfiguration" object-id="en_US">
        <object-attribute attribute-id="appKey">ceO1P9hReAAWmv55ckK1CfyIE49ycpPkSVRG2ncL</object-attribute>
        <object-attribute attribute-id="clientSecretKey">XXRCKMBrQQFJqJwbP3xnXm0cZRwUUo2NxU09IHJf</object-attribute>
        <object-attribute attribute-id="enablePurchaseFeed">false</object-attribute>
        <object-attribute attribute-id="enableRatings">true</object-attribute>
        <object-attribute attribute-id="enableReviews">true</object-attribute>
    </custom-object>

</custom-objects>
