<?xml version="1.0" encoding="UTF-8"?>
<services xmlns="http://www.demandware.com/xml/impex/services/2014-09-26">

    <service-credential service-credential-id="int.mailchimp.service.list.credentials">
        <url>https://us18.api.mailchimp.com/3.0/lists/465de590db/members/</url>
        <user-id/>
        <password masked="true">********</password>
    </service-credential>
    <service-profile service-profile-id="int.mailchimp.profile">
        <timeout-millis>5000</timeout-millis>
        <rate-limit-enabled>false</rate-limit-enabled>
        <rate-limit-calls>0</rate-limit-calls>
        <rate-limit-millis>0</rate-limit-millis>
        <cb-enabled>false</cb-enabled>
        <cb-calls>0</cb-calls>
        <cb-millis>0</cb-millis>
    </service-profile>

    <service service-id="int.mailchimp.service.list.api">
        <service-type>HTTP</service-type>
        <enabled>true</enabled>
        <log-prefix>mailchimp</log-prefix>
        <comm-log-enabled>true</comm-log-enabled>
        <force-prd-enabled>false</force-prd-enabled>
        <mock-mode-enabled>false</mock-mode-enabled>
        <profile-id>int.mailchimp.profile</profile-id>
        <credential-id>int.mailchimp.service.list.credentials</credential-id>
    </service>


</services>
