<?xml version="1.0" encoding="UTF-8"?>
<preferences xmlns="http://www.demandware.com/xml/impex/preferences/2007-03-31">
  <custom-preferences>
        <all-instances>
            <preference preference-id="textLocalnabled">Yes</preference>
            <preference preference-id="textLocalAPIKey">MzQ2YzZmNjU3OTMwNzE2YjUzNTE0YTc3NTc0YTU4NmQ=</preference>
			<preference preference-id="textLocalSender">CHICCO</preference>
			<preference preference-id="textLocalTemplateJSON">{
   "accountCreation":"Dear {CustomerName},/n Welcome to Chicco! We are by your side in your journey of Parenting. /n #ParentMore",
   "passwordReset":"Your request to reset password has been processed. Please login on www.chicco.in with new password. Team Chicco",
   "orderConfirmation":"Your order no {orderNo} with chicco.in  amounting {amount} has been confirmed. Track your order at {trackingURL}. Team Chicco",
   "orderCancellation":"The pick up for your return request will be arranged by 7 days. Please ensure the product is unused and original label/ packaging is intact. Team Chicco",
   "accountLocked":"Your account has been locked for 30 mins due to 3 failed attempts. Please try after that. We recommend you to reset your password. Team Chicco",
   "accountEdit":"Your account details with Chicco has been successfully updated. Visit Chicco.in to explore wide range of Chicco products. Team Chicco"
}</preference>
        </all-instances>
    </custom-preferences>
</preferences>

