<?xml version="1.0" encoding="UTF-8"?>
<preferences xmlns="http://www.demandware.com/xml/impex/preferences/2007-03-31">
  <custom-preferences>
        <all-instances>
            <preference preference-id="increffOMSDomainName">org-testing-mini-oms</preference>
            <preference preference-id="shiprocketWareHouseLocationPinCode">560036</preference>
			<preference preference-id="increffSellerGstin">29AADCP7081J1ZY</preference>
			<preference preference-id="increffWareHouseAddress">{
    "city": "Delhi",
    "country": "India",
    "email": "mohit@gmail.com",
    "firstName": "Mohit",
    "lastName": "Singh",
    "middleName": "",
    "phone": "9121726219",
    "state": "DELHI",
    "street1": "A-102, Balaji Residency",
    "street2": "Motera",
    "street3": "",
    "zip": "560102"
  }</preference>
		<preference preference-id="increffNotifcationUsername">notifyuser</preference>
		<preference preference-id="increffNotificationPassword">notifyuser@123</preference>
        </all-instances>
    </custom-preferences>
</preferences>

