<?xml version="1.0" encoding="UTF-8"?>
<slot-configurations xmlns="http://www.demandware.com/xml/impex/slot/2008-09-08">
    <slot-configuration slot-id="Faq-content" context="global" configuration-id="FAQ'S" assigned-to-site="true">
        <template>slots/html/htmlSlotContainer.isml</template>
        <enabled-flag>true</enabled-flag>
        <content>
            <html>
                <body xml:lang="x-default">&lt;div class="col-12"&gt;
                                        &lt;div class="ques_ans"&gt;
                                            &lt;h6&gt;
                                                Is it suitable for a one month old
                                            &lt;/h6&gt;
                                            &lt;p&gt;
                                                Proin ex ipsum, facilisis id tincidunt sed, vulputate in lacus. Donec
                                                pharetra faucibus leo, vitae vestibulum leo scelerisque eu.
                                                Nam enim dolor, porta at ex ut, eleifend tristique metus. Integer sit
                                                amet
                                                auctor ligula, vel dictum orci. Nam feugiat interdum
                                                nisl. Ut id velit ac ante maximus gravida. Vivamus lobortis vestibulum
                                                mauris a mollis. Nunc mollis tempus lorem eu pulvinar.
                                                Quisque mollis blandit aliquam. Nulla finibus gravida dignissim. Sed
                                                viverra
                                                mattis dictum. In ultricies tellus in auctor semper.
                                                Sed blandit arcu sem, vitae eleifend dui iaculis non.
                                            &lt;/p&gt;
                                        &lt;/div&gt;
                                        &lt;div class="ques_ans"&gt;
                                            &lt;h6&gt;
                                                Is it suitable for a one month old
                                            &lt;/h6&gt;
                                            &lt;p&gt;
                                                Proin ex ipsum, facilisis id tincidunt sed, vulputate in lacus. Donec
                                                pharetra faucibus leo, vitae vestibulum leo scelerisque eu.
                                                Nam enim dolor, porta at ex ut, eleifend tristique metus. Integer sit
                                                amet
                                                auctor ligula, vel dictum orci. Nam feugiat interdum
                                                nisl. Ut id velit ac ante maximus gravida. Vivamus lobortis vestibulum
                                                mauris a mollis. Nunc mollis tempus lorem eu pulvinar.
                                                Quisque mollis blandit aliquam. Nulla finibus gravida dignissim. Sed
                                                viverra
                                                mattis dictum. In ultricies tellus in auctor semper.
                                                Sed blandit arcu sem, vitae eleifend dui iaculis non.
                                            &lt;/p&gt;
                                        &lt;/div&gt;
                                        &lt;div class="ques_ans"&gt;
                                            &lt;h6&gt;
                                                Is it suitable for a one month old
                                            &lt;/h6&gt;
                                            &lt;p&gt;
                                                Proin ex ipsum, facilisis id tincidunt sed, vulputate in lacus. Donec
                                                pharetra faucibus leo, vitae vestibulum leo scelerisque eu.
                                                Nam enim dolor, porta at ex ut, eleifend tristique metus. Integer sit
                                                amet
                                                auctor ligula, vel dictum orci. Nam feugiat interdum
                                                nisl. Ut id velit ac ante maximus gravida. Vivamus lobortis vestibulum
                                                mauris a mollis. Nunc mollis tempus lorem eu pulvinar.
                                                Quisque mollis blandit aliquam. Nulla finibus gravida dignissim. Sed
                                                viverra
                                                mattis dictum. In ultricies tellus in auctor semper.
                                                Sed blandit arcu sem, vitae eleifend dui iaculis non.
                                            &lt;/p&gt;
                                        &lt;/div&gt;
                                    &lt;/div&gt;</body>
            </html>
        </content>
    </slot-configuration>



    <slot-configuration slot-id="promotion-advice-content" context="global" configuration-id="advice-content" assigned-to-site="true">
        <template>slots/html/htmlSlotContainer.isml</template>
        <enabled-flag>true</enabled-flag>
        <content>
            <html>
                <body xml:lang="x-default">&lt;div class="container"&gt;
            &lt;div class="row text-center"&gt;
                &lt;div class="col-12"&gt;
                    &lt;h2&gt;
                        Our Advice
                    &lt;/h2&gt;
                &lt;/div&gt;
            &lt;/div&gt;

            &lt;div class="row justify-content-center mt-lg-5 mt-3 pb-4"&gt;
                &lt;div class="col-lg-4 col-md-6"&gt;
                    &lt;div class="prmotion_box"&gt;
                        &lt;div class="img"&gt;
                            &lt;a href="#"&gt;
                                &lt;img src="assets/images/advice1.png" /&gt;
                            &lt;/a&gt;
                            &lt;a href="#" class="category"&gt;
                                Article
                            &lt;/a&gt;
                        &lt;/div&gt;
                        &lt;div class="promotion_content"&gt;
                            &lt;div class="content"&gt;
                                &lt;a href="#"&gt;
                                    &lt;h3 class="text-white"&gt;
                                        Weaning how to start: tips for new parents
                                    &lt;/h3&gt;
                                &lt;/a&gt;
                                &lt;p class="text-white"&gt;
                                    An important change in eating habits that
                                    stimulates the child's cognitive and
                                    emotional maturation.
                                &lt;/p&gt;
                            &lt;/div&gt;
                            &lt;div class="row"&gt;
                                &lt;div class="col-6"&gt;
                                    &lt;a href="#" class="read-more text-white text-uppercase"&gt;
                                        READ MORE
                                    &lt;/a&gt;
                                &lt;/div&gt;
                            &lt;/div&gt;
                        &lt;/div&gt;
                    &lt;/div&gt;
                &lt;/div&gt;
                &lt;div class="col-lg-4 col-md-6"&gt;
                    &lt;div class="prmotion_box"&gt;
                        &lt;div class="img"&gt;
                            &lt;a href="#"&gt;
                                &lt;img src="assets/images/advice2.png" /&gt;
                            &lt;/a&gt;
                            &lt;a href="#" class="category"&gt;
                                PDF guides
                            &lt;/a&gt;
                        &lt;/div&gt;
                        &lt;div class="promotion_content"&gt;
                            &lt;div class="content"&gt;
                                &lt;a href="#"&gt;
                                    &lt;h3 class="text-white"&gt;
                                        Baby feeding guide
                                    &lt;/h3&gt;
                                &lt;/a&gt;
                                &lt;p class="text-white"&gt;
                                    Nutrition is one of the most important factors
                                    for the health of the individual both in
                                    childhood and as an adult.
                                &lt;/p&gt;
                            &lt;/div&gt;
                            &lt;div class="row"&gt;
                                &lt;div class="col-7"&gt;
                                    &lt;a href="#" class="download_view_pdf text-white text-uppercase" download&gt;
                                        DOWNLOAD PDF &lt;i class="fa fa-download" aria-hidden="true"&gt;&lt;/i&gt;
                                    &lt;/a&gt;
                                &lt;/div&gt;
                                &lt;div class="col-5"&gt;
                                    &lt;a href="#" class="download_view_pdf text-white text-uppercase" target="_blank"&gt;
                                        VIEW PDF &lt;i class="fa fa-eye" aria-hidden="true"&gt;&lt;/i&gt;
                                    &lt;/a&gt;
                                &lt;/div&gt;
                            &lt;/div&gt;
                        &lt;/div&gt;
                    &lt;/div&gt;
                &lt;/div&gt;
                &lt;div class="col-lg-4 col-md-6"&gt;
                    &lt;div class="prmotion_box"&gt;
                        &lt;div class="img"&gt;
                            &lt;a href="#"&gt;
                                &lt;img src="assets/images/advice3.png" /&gt;
                            &lt;/a&gt;
                            &lt;a href="#" class="category"&gt;
                                Article
                            &lt;/a&gt;
                        &lt;/div&gt;
                        &lt;div class="promotion_content"&gt;
                            &lt;div class="content"&gt;
                                &lt;a href="#"&gt;
                                    &lt;h3 class="text-white"&gt;
                                        Today we eat out!
                                    &lt;/h3&gt;
                                &lt;/a&gt;
                                &lt;p class="text-white"&gt;
                                    At lunch outside the home, at the
                                    grandparents', at the restaurant: the first
                                    meals outside the home require an important
                                    organizational effort.
                                &lt;/p&gt;
                            &lt;/div&gt;
                            &lt;div class="row"&gt;
                                &lt;div class="col-6"&gt;
                                    &lt;a href="#" class="read-more text-white text-uppercase"&gt;
                                        READ MORE
                                    &lt;/a&gt;
                                &lt;/div&gt;
                            &lt;/div&gt;
                        &lt;/div&gt;
                    &lt;/div&gt;
                &lt;/div&gt;
            &lt;/div&gt;
        &lt;/div&gt;</body>
            </html>
        </content>
    </slot-configuration>





    <slot-configuration slot-id="product-recomendation-content" context="global" configuration-id="recomended Products" assigned-to-site="true">
        <template>slots/product/carousel.isml</template>
        <enabled-flag>true</enabled-flag>
        <content>
            <products>
                <product product-id="008884303989M"/>
                <product product-id="008884303996M"/>
                <product product-id="008884304009M"/>
                <product product-id="008884304016M"/>
            </products>
        </content>
        <custom-attributes>
            <custom-attribute attribute-id="carouselDetails" xml:lang="x-default">&lt;div class="row text-center"&gt;                 
&lt;div class="col-12"&gt;                     
&lt;h2&gt;You May Also Like&lt;/h2&gt;                
 &lt;/div&gt;
&lt;/div&gt;</custom-attribute>
        </custom-attributes>
    </slot-configuration>

    <slot-configuration slot-id="Shipping-Returns-content" context="global" configuration-id="shipping-returns-content" assigned-to-site="true">
        <template>slots/html/htmlSlotContainer.isml</template>
        <enabled-flag>true</enabled-flag>
        <content>
            <html>
                <body xml:lang="x-default">&lt;li&gt;Standard delivery throughout Italy at a cost of € 7&lt;/li&gt;
                                            &lt;li&gt;Free delivery for orders over € 49.90&lt;/li&gt;
                                            &lt;li&gt;Delivery in 3 working days.&lt;/li&gt;
                                            &lt;li&gt;Returns always guaranteed within 14 days of receiving the order&lt;/li&gt;
                                            &lt;li&gt;Check the conditions of sale and guarantee at the link: conditions of
                                                sale
                                            &lt;/li&gt;</body>
            </html>
        </content>
    </slot-configuration>

    <slot-configuration slot-id="size-gudie-popup" context="global" configuration-id="size-gudie" assigned-to-site="true">
        <template>slots/html/htmlSlotContainer.isml</template>
        <enabled-flag>true</enabled-flag>
        <content>
            <html>
                <body xml:lang="x-default">&lt;div class="modal-body text-center"&gt;
                        &lt;h3&gt;
                            Size Guide
                        &lt;/h3&gt;

                        &lt;div class="row"&gt;
                            &lt;div class="col-12"&gt;
                                &lt;table&gt;
                                    &lt;tr&gt;
                                        &lt;th colspan="3"&gt;&lt;/th&gt;
                                        &lt;th colspan="3"&gt;Inches&lt;/th&gt;
                                        &lt;th&gt;cms&lt;/th&gt;
                                        &lt;th colspan="2"&gt;Months / Year&lt;/th&gt;    
                                    &lt;/tr&gt;
                                    &lt;tr&gt;
                                        &lt;th&gt;Categories&lt;/th&gt;
                                        &lt;th&gt;Gender&lt;/th&gt;
                                        &lt;th&gt;Size&lt;/th&gt;
                                        &lt;th&gt;To Fit Chest&lt;/th&gt;   
                                        &lt;th&gt;To Fit Waist&lt;/th&gt;   
                                        &lt;th&gt;To Fit Hips&lt;/th&gt;    
                                        &lt;th&gt;To Fit height&lt;/th&gt;   
                                        &lt;th&gt;Age Range&lt;/th&gt;  
                                    &lt;/tr&gt;

                                    &lt;tr&gt;
                                      &lt;td&gt;All clothing&lt;/td&gt;
                                      &lt;td&gt;All&lt;/td&gt;    
                                      &lt;td&gt;056&lt;/td&gt;
                                      &lt;td&gt;16.5&lt;/td&gt;   
                                      &lt;td&gt;18.5&lt;/td&gt;   
                                      &lt;td&gt;17.9&lt;/td&gt;  
                                      &lt;td&gt;56cms&lt;/td&gt; 
                                      &lt;td&gt;3M&lt;/td&gt;   
                                    &lt;/tr&gt;

                                    &lt;tr&gt;
                                      &lt;td&gt;All clothing&lt;/td&gt;
                                      &lt;td&gt;All&lt;/td&gt;    
                                      &lt;td&gt;062&lt;/td&gt;
                                      &lt;td&gt;17.3&lt;/td&gt;   
                                      &lt;td&gt;18.9&lt;/td&gt;   
                                      &lt;td&gt;18.7&lt;/td&gt;  
                                      &lt;td&gt;62cms&lt;/td&gt; 
                                      &lt;td&gt;6M&lt;/td&gt;   
                                    &lt;/tr&gt;

                                    &lt;tr&gt;
                                        &lt;td&gt;All clothing&lt;/td&gt;
                                        &lt;td&gt;All&lt;/td&gt;    
                                        &lt;td&gt;068&lt;/td&gt;
                                        &lt;td&gt;18.0&lt;/td&gt;   
                                        &lt;td&gt;19.3&lt;/td&gt;   
                                        &lt;td&gt;19.5&lt;/td&gt;  
                                        &lt;td&gt;68cms&lt;/td&gt; 
                                        &lt;td&gt;9M&lt;/td&gt;   
                                    &lt;/tr&gt;

                                    &lt;tr&gt;
                                        &lt;td&gt;All clothing&lt;/td&gt;
                                        &lt;td&gt;All&lt;/td&gt;    
                                        &lt;td&gt;074&lt;/td&gt;
                                        &lt;td&gt;18.8&lt;/td&gt;   
                                        &lt;td&gt;19.7&lt;/td&gt;   
                                        &lt;td&gt;20.3&lt;/td&gt;  
                                        &lt;td&gt;74cms&lt;/td&gt; 
                                        &lt;td&gt;12M&lt;/td&gt;   
                                    &lt;/tr&gt;

                                    &lt;tr&gt;
                                        &lt;td&gt;All clothing&lt;/td&gt;
                                        &lt;td&gt;All&lt;/td&gt;    
                                        &lt;td&gt;086&lt;/td&gt;
                                        &lt;td&gt;20.3&lt;/td&gt;   
                                        &lt;td&gt;20.4&lt;/td&gt;   
                                        &lt;td&gt;21.8&lt;/td&gt;  
                                        &lt;td&gt;86cms&lt;/td&gt; 
                                        &lt;td&gt;18M&lt;/td&gt;   
                                    &lt;/tr&gt;

                                    &lt;tr&gt;
                                        &lt;td&gt;All clothing&lt;/td&gt;
                                        &lt;td&gt;All&lt;/td&gt;    
                                        &lt;td&gt;092&lt;/td&gt;
                                        &lt;td&gt;21.0&lt;/td&gt;   
                                        &lt;td&gt;20.8&lt;/td&gt;   
                                        &lt;td&gt;22.6&lt;/td&gt;  
                                        &lt;td&gt;92cms&lt;/td&gt; 
                                        &lt;td&gt;2Y&lt;/td&gt;   
                                    &lt;/tr&gt;

                                    &lt;tr&gt;
                                        &lt;td&gt;All clothing&lt;/td&gt;
                                        &lt;td&gt;All&lt;/td&gt;    
                                        &lt;td&gt;098&lt;/td&gt;
                                        &lt;td&gt;22.0&lt;/td&gt;   
                                        &lt;td&gt;21.5&lt;/td&gt;   
                                        &lt;td&gt;23.6&lt;/td&gt;  
                                        &lt;td&gt;98cms&lt;/td&gt; 
                                        &lt;td&gt;3Y&lt;/td&gt;   
                                    &lt;/tr&gt;

                                    &lt;tr&gt;
                                        &lt;td&gt;All clothing&lt;/td&gt;
                                        &lt;td&gt;All&lt;/td&gt;    
                                        &lt;td&gt;104&lt;/td&gt;
                                        &lt;td&gt;23.0&lt;/td&gt;   
                                        &lt;td&gt;22.0&lt;/td&gt;   
                                        &lt;td&gt;24.5&lt;/td&gt;  
                                        &lt;td&gt;104cms&lt;/td&gt; 
                                        &lt;td&gt;4Y&lt;/td&gt;   
                                    &lt;/tr&gt;


                                    &lt;tr&gt;
                                        &lt;td&gt;All clothing&lt;/td&gt;
                                        &lt;td&gt;All&lt;/td&gt;    
                                        &lt;td&gt;110&lt;/td&gt;
                                        &lt;td&gt;23.9&lt;/td&gt;   
                                        &lt;td&gt;22.7&lt;/td&gt;   
                                        &lt;td&gt;25.4&lt;/td&gt;  
                                        &lt;td&gt;110cms&lt;/td&gt; 
                                        &lt;td&gt;5Y&lt;/td&gt;   
                                    &lt;/tr&gt;

                                &lt;/table&gt;

                                &lt;table&gt;
                                    &lt;tr&gt;
                                        &lt;th colspan="3"&gt;&lt;/th&gt;
                                        &lt;th colspan="3"&gt;Inches&lt;/th&gt;
                                        &lt;th&gt;cms&lt;/th&gt;
                                        &lt;th colspan="2"&gt;Months / Year&lt;/th&gt;    
                                    &lt;/tr&gt;
                                    &lt;tr&gt;
                                        &lt;th&gt;Categories&lt;/th&gt;
                                        &lt;th&gt;Gender&lt;/th&gt;
                                        &lt;th&gt;Size&lt;/th&gt;
                                        &lt;th&gt;To Fit Chest&lt;/th&gt;   
                                        &lt;th&gt;To Fit Waist&lt;/th&gt;   
                                        &lt;th&gt;To Fit Hips&lt;/th&gt;    
                                        &lt;th&gt;To Fit height&lt;/th&gt;   
                                        &lt;th&gt;Age Range&lt;/th&gt;  
                                    &lt;/tr&gt;


                                    &lt;tr&gt;
                                        &lt;td&gt;Accessories&lt;/td&gt;
                                        &lt;td&gt;All&lt;/td&gt;    
                                        &lt;td&gt;099&lt;/td&gt;
                                        &lt;td&gt;One Size&lt;/td&gt;   
                                        &lt;td&gt;&lt;/td&gt;   
                                        &lt;td&gt;&lt;/td&gt;  
                                        &lt;td&gt;&lt;/td&gt; 
                                        &lt;td&gt;0-12 M&lt;/td&gt;   
                                    &lt;/tr&gt;


                                &lt;/table&gt;


                                &lt;table&gt;
                                    &lt;tr&gt;
                                        &lt;th colspan="3"&gt;&lt;/th&gt;
                                        &lt;th&gt;Inches&lt;/th&gt;
                                        &lt;th&gt;Months / Year&lt;/th&gt;    
                                    &lt;/tr&gt;
                                    &lt;tr&gt;
                                        &lt;th&gt;Categories&lt;/th&gt;
                                        &lt;th&gt;Gender&lt;/th&gt;
                                        &lt;th&gt;Size&lt;/th&gt;
                                        &lt;th&gt;Circumference-inches&lt;/th&gt; 
                                        &lt;th&gt;Age Range&lt;/th&gt;  
                                    &lt;/tr&gt;

                                    &lt;tr&gt;
                                      &lt;td&gt;Hats&lt;/td&gt;
                                      &lt;td&gt;All&lt;/td&gt;    
                                      &lt;td&gt;36&lt;/td&gt;
                                      &lt;td&gt;36&lt;/td&gt;  
                                      &lt;td&gt;0M&lt;/td&gt;   
                                    &lt;/tr&gt;

                                    &lt;tr&gt;
                                        &lt;td&gt;Hats&lt;/td&gt;
                                        &lt;td&gt;All&lt;/td&gt;    
                                        &lt;td&gt;40&lt;/td&gt;
                                        &lt;td&gt;40&lt;/td&gt;  
                                        &lt;td&gt;1M - 3M&lt;/td&gt;   
                                    &lt;/tr&gt;

                                    &lt;tr&gt;
                                        &lt;td&gt;Hats&lt;/td&gt;
                                        &lt;td&gt;All&lt;/td&gt;    
                                        &lt;td&gt;44&lt;/td&gt;
                                        &lt;td&gt;44&lt;/td&gt;  
                                        &lt;td&gt;6M - 9M&lt;/td&gt;   
                                    &lt;/tr&gt;

                                    &lt;tr&gt;
                                        &lt;td&gt;Hats&lt;/td&gt;
                                        &lt;td&gt;All&lt;/td&gt;    
                                        &lt;td&gt;48&lt;/td&gt;
                                        &lt;td&gt;48&lt;/td&gt;  
                                        &lt;td&gt;12M - 15M&lt;/td&gt;   
                                    &lt;/tr&gt;


                                    &lt;tr&gt;
                                        &lt;td&gt;Hats&lt;/td&gt;
                                        &lt;td&gt;All&lt;/td&gt;    
                                        &lt;td&gt;50&lt;/td&gt;
                                        &lt;td&gt;50&lt;/td&gt;  
                                        &lt;td&gt;18M - 2Y&lt;/td&gt;   
                                    &lt;/tr&gt;

                                &lt;/table&gt;


                            &lt;/div&gt;
                        &lt;/div&gt;


                        &lt;button type="button" class="primary-btn text-uppercase" data-dismiss="modal" aria-label="Close"&gt;
                            Close
                        &lt;/button&gt;
                    &lt;/div&gt;</body>
            </html>
        </content>
    </slot-configuration>

    <slot-configuration slot-id="size-gudie-content" context="global" configuration-id="size-guide-popup" assigned-to-site="true">
        <template>slots/html/htmlSlotContainer.isml</template>
        <enabled-flag>true</enabled-flag>
        <content>
            <html>
                <body xml:lang="x-default">&lt;div class="modal-content" style="    width: 900px;"&gt;                            
                    &lt;div class="modal-body text-center"&gt;
                        &lt;h3&gt;
                            Size Guide
                        &lt;/h3&gt;

                        &lt;div class="row"&gt;
                            &lt;div class="col-12"&gt;
                                &lt;table style="    border-collapse: collapse;
    margin: 10px;
    width: 100%;"&gt;
                                    &lt;tr&gt;
                                        &lt;th colspan="3"&gt;&lt;/th&gt;
                                        &lt;th colspan="3"&gt;Inches&lt;/th&gt;
                                        &lt;th&gt;cms&lt;/th&gt;
                                        &lt;th colspan="2"&gt;Months / Year&lt;/th&gt;    
                                    &lt;/tr&gt;
                                    &lt;tr&gt;
                                        &lt;th&gt;Categories&lt;/th&gt;
                                        &lt;th&gt;Gender&lt;/th&gt;
                                        &lt;th&gt;Size&lt;/th&gt;
                                        &lt;th&gt;To Fit Chest&lt;/th&gt;   
                                        &lt;th&gt;To Fit Waist&lt;/th&gt;   
                                        &lt;th&gt;To Fit Hips&lt;/th&gt;    
                                        &lt;th&gt;To Fit height&lt;/th&gt;   
                                        &lt;th&gt;Age Range&lt;/th&gt;  
                                    &lt;/tr&gt;

                                    &lt;tr&gt;
                                      &lt;td&gt;All clothing&lt;/td&gt;
                                      &lt;td&gt;All&lt;/td&gt;    
                                      &lt;td&gt;056&lt;/td&gt;
                                      &lt;td&gt;16.5&lt;/td&gt;   
                                      &lt;td&gt;18.5&lt;/td&gt;   
                                      &lt;td&gt;17.9&lt;/td&gt;  
                                      &lt;td&gt;56cms&lt;/td&gt; 
                                      &lt;td&gt;3M&lt;/td&gt;   
                                    &lt;/tr&gt;

                                    &lt;tr&gt;
                                      &lt;td&gt;All clothing&lt;/td&gt;
                                      &lt;td&gt;All&lt;/td&gt;    
                                      &lt;td&gt;062&lt;/td&gt;
                                      &lt;td&gt;17.3&lt;/td&gt;   
                                      &lt;td&gt;18.9&lt;/td&gt;   
                                      &lt;td&gt;18.7&lt;/td&gt;  
                                      &lt;td&gt;62cms&lt;/td&gt; 
                                      &lt;td&gt;6M&lt;/td&gt;   
                                    &lt;/tr&gt;

                                    &lt;tr&gt;
                                        &lt;td&gt;All clothing&lt;/td&gt;
                                        &lt;td&gt;All&lt;/td&gt;    
                                        &lt;td&gt;068&lt;/td&gt;
                                        &lt;td&gt;18.0&lt;/td&gt;   
                                        &lt;td&gt;19.3&lt;/td&gt;   
                                        &lt;td&gt;19.5&lt;/td&gt;  
                                        &lt;td&gt;68cms&lt;/td&gt; 
                                        &lt;td&gt;9M&lt;/td&gt;   
                                    &lt;/tr&gt;

                                    &lt;tr&gt;
                                        &lt;td&gt;All clothing&lt;/td&gt;
                                        &lt;td&gt;All&lt;/td&gt;    
                                        &lt;td&gt;074&lt;/td&gt;
                                        &lt;td&gt;18.8&lt;/td&gt;   
                                        &lt;td&gt;19.7&lt;/td&gt;   
                                        &lt;td&gt;20.3&lt;/td&gt;  
                                        &lt;td&gt;74cms&lt;/td&gt; 
                                        &lt;td&gt;12M&lt;/td&gt;   
                                    &lt;/tr&gt;

                                    &lt;tr&gt;
                                        &lt;td&gt;All clothing&lt;/td&gt;
                                        &lt;td&gt;All&lt;/td&gt;    
                                        &lt;td&gt;086&lt;/td&gt;
                                        &lt;td&gt;20.3&lt;/td&gt;   
                                        &lt;td&gt;20.4&lt;/td&gt;   
                                        &lt;td&gt;21.8&lt;/td&gt;  
                                        &lt;td&gt;86cms&lt;/td&gt; 
                                        &lt;td&gt;18M&lt;/td&gt;   
                                    &lt;/tr&gt;

                                    &lt;tr&gt;
                                        &lt;td&gt;All clothing&lt;/td&gt;
                                        &lt;td&gt;All&lt;/td&gt;    
                                        &lt;td&gt;092&lt;/td&gt;
                                        &lt;td&gt;21.0&lt;/td&gt;   
                                        &lt;td&gt;20.8&lt;/td&gt;   
                                        &lt;td&gt;22.6&lt;/td&gt;  
                                        &lt;td&gt;92cms&lt;/td&gt; 
                                        &lt;td&gt;2Y&lt;/td&gt;   
                                    &lt;/tr&gt;

                                    &lt;tr&gt;
                                        &lt;td&gt;All clothing&lt;/td&gt;
                                        &lt;td&gt;All&lt;/td&gt;    
                                        &lt;td&gt;098&lt;/td&gt;
                                        &lt;td&gt;22.0&lt;/td&gt;   
                                        &lt;td&gt;21.5&lt;/td&gt;   
                                        &lt;td&gt;23.6&lt;/td&gt;  
                                        &lt;td&gt;98cms&lt;/td&gt; 
                                        &lt;td&gt;3Y&lt;/td&gt;   
                                    &lt;/tr&gt;

                                    &lt;tr&gt;
                                        &lt;td&gt;All clothing&lt;/td&gt;
                                        &lt;td&gt;All&lt;/td&gt;    
                                        &lt;td&gt;104&lt;/td&gt;
                                        &lt;td&gt;23.0&lt;/td&gt;   
                                        &lt;td&gt;22.0&lt;/td&gt;   
                                        &lt;td&gt;24.5&lt;/td&gt;  
                                        &lt;td&gt;104cms&lt;/td&gt; 
                                        &lt;td&gt;4Y&lt;/td&gt;   
                                    &lt;/tr&gt;


                                    &lt;tr&gt;
                                        &lt;td&gt;All clothing&lt;/td&gt;
                                        &lt;td&gt;All&lt;/td&gt;    
                                        &lt;td&gt;110&lt;/td&gt;
                                        &lt;td&gt;23.9&lt;/td&gt;   
                                        &lt;td&gt;22.7&lt;/td&gt;   
                                        &lt;td&gt;25.4&lt;/td&gt;  
                                        &lt;td&gt;110cms&lt;/td&gt; 
                                        &lt;td&gt;5Y&lt;/td&gt;   
                                    &lt;/tr&gt;

                                &lt;/table&gt;

                                                          &lt;table style="    border-collapse: collapse;
    margin: 10px;
    width: 100%;"&gt;
                                    &lt;tr&gt;
                                        &lt;th colspan="3"&gt;&lt;/th&gt;
                                        &lt;th colspan="3"&gt;Inches&lt;/th&gt;
                                        &lt;th&gt;cms&lt;/th&gt;
                                        &lt;th colspan="2"&gt;Months / Year&lt;/th&gt;    
                                    &lt;/tr&gt;
                                    &lt;tr&gt;
                                        &lt;th&gt;Categories&lt;/th&gt;
                                        &lt;th&gt;Gender&lt;/th&gt;
                                        &lt;th&gt;Size&lt;/th&gt;
                                        &lt;th&gt;To Fit Chest&lt;/th&gt;   
                                        &lt;th&gt;To Fit Waist&lt;/th&gt;   
                                        &lt;th&gt;To Fit Hips&lt;/th&gt;    
                                        &lt;th&gt;To Fit height&lt;/th&gt;   
                                        &lt;th&gt;Age Range&lt;/th&gt;  
                                    &lt;/tr&gt;


                                    &lt;tr&gt;
                                        &lt;td&gt;Accessories&lt;/td&gt;
                                        &lt;td&gt;All&lt;/td&gt;    
                                        &lt;td&gt;099&lt;/td&gt;
                                        &lt;td&gt;One Size&lt;/td&gt;   
                                        &lt;td&gt;&lt;/td&gt;   
                                        &lt;td&gt;&lt;/td&gt;  
                                        &lt;td&gt;&lt;/td&gt; 
                                        &lt;td&gt;0-12 M&lt;/td&gt;   
                                    &lt;/tr&gt;


                                &lt;/table&gt;


                                                              &lt;table style="    border-collapse: collapse;
    margin: 10px;
    width: 100%;"&gt;
                                    &lt;tr&gt;
                                        &lt;th colspan="3"&gt;&lt;/th&gt;
                                        &lt;th&gt;Inches&lt;/th&gt;
                                        &lt;th&gt;Months / Year&lt;/th&gt;    
                                    &lt;/tr&gt;
                                    &lt;tr&gt;
                                        &lt;th&gt;Categories&lt;/th&gt;
                                        &lt;th&gt;Gender&lt;/th&gt;
                                        &lt;th&gt;Size&lt;/th&gt;
                                        &lt;th&gt;Circumference-inches&lt;/th&gt; 
                                        &lt;th&gt;Age Range&lt;/th&gt;  
                                    &lt;/tr&gt;

                                    &lt;tr&gt;
                                      &lt;td&gt;Hats&lt;/td&gt;
                                      &lt;td&gt;All&lt;/td&gt;    
                                      &lt;td&gt;36&lt;/td&gt;
                                      &lt;td&gt;36&lt;/td&gt;  
                                      &lt;td&gt;0M&lt;/td&gt;   
                                    &lt;/tr&gt;

                                    &lt;tr&gt;
                                        &lt;td&gt;Hats&lt;/td&gt;
                                        &lt;td&gt;All&lt;/td&gt;    
                                        &lt;td&gt;40&lt;/td&gt;
                                        &lt;td&gt;40&lt;/td&gt;  
                                        &lt;td&gt;1M - 3M&lt;/td&gt;   
                                    &lt;/tr&gt;

                                    &lt;tr&gt;
                                        &lt;td&gt;Hats&lt;/td&gt;
                                        &lt;td&gt;All&lt;/td&gt;    
                                        &lt;td&gt;44&lt;/td&gt;
                                        &lt;td&gt;44&lt;/td&gt;  
                                        &lt;td&gt;6M - 9M&lt;/td&gt;   
                                    &lt;/tr&gt;

                                    &lt;tr&gt;
                                        &lt;td&gt;Hats&lt;/td&gt;
                                        &lt;td&gt;All&lt;/td&gt;    
                                        &lt;td&gt;48&lt;/td&gt;
                                        &lt;td&gt;48&lt;/td&gt;  
                                        &lt;td&gt;12M - 15M&lt;/td&gt;   
                                    &lt;/tr&gt;


                                    &lt;tr&gt;
                                        &lt;td&gt;Hats&lt;/td&gt;
                                        &lt;td&gt;All&lt;/td&gt;    
                                        &lt;td&gt;50&lt;/td&gt;
                                        &lt;td&gt;50&lt;/td&gt;  
                                        &lt;td&gt;18M - 2Y&lt;/td&gt;   
                                    &lt;/tr&gt;

                                &lt;/table&gt;


                            &lt;/div&gt;
                        &lt;/div&gt;


                        &lt;button type="button" class="primary-btn text-uppercase" data-dismiss="modal" aria-label="Close"&gt;
                            Close
                        &lt;/button&gt;
                    &lt;/div&gt;
                &lt;/div&gt;</body>
            </html>
        </content>
    </slot-configuration>

</slot-configurations>
