<?xml version="1.0" encoding="UTF-8"?>
<preferences xmlns="http://www.demandware.com/xml/impex/preferences/2007-03-31">
   <custom-preferences>
        <all-instances>
            <preference preference-id="easyRewardzAppId">828236dd-badd-4238-b0e8-a69ac653be1c</preference>
            <preference preference-id="easyRewardzAuthPassword">IntegrationProd123</preference>
            <preference preference-id="easyRewardzAuthUserName">IntegrationProd</preference>
            <preference preference-id="easyRewardzDevId">4b474ea9-e4ce-4fce-a7a1-74461dafed26</preference>
            <preference preference-id="easyRewardzProgramCode">IntegrationProd</preference>
            <preference preference-id="easyRewardzStoreCode">DemoChicoo</preference>
            <preference preference-id="easyRewardzUserName">apiuser@chicoo.com</preference>
		</all-instances>
    </custom-preferences>
</preferences>

