<?xml version="1.0" encoding="UTF-8"?>
<metadata xmlns="http://www.demandware.com/xml/impex/metadata/2006-10-31">
    <type-extension type-id="SitePreferences">
        <custom-attribute-definitions>
            <attribute-definition attribute-id="payUCheckoutURL">
                <display-name xml:lang="x-default">Pay U Checkout URL</display-name>
                <type>string</type>
                <mandatory-flag>false</mandatory-flag>
                <externally-managed-flag>false</externally-managed-flag>
                <min-length>0</min-length>
            </attribute-definition>
            <attribute-definition attribute-id="payUEnabled">
                <display-name xml:lang="x-default">Pay U Enabled</display-name>
                <type>boolean</type>
                <mandatory-flag>false</mandatory-flag>
                <externally-managed-flag>false</externally-managed-flag>
                <default-value>false</default-value>
            </attribute-definition>
            <attribute-definition attribute-id="payUMerchantKey">
                <display-name xml:lang="x-default">Pay U Merchant Key</display-name>
                <type>string</type>
                <mandatory-flag>false</mandatory-flag>
                <externally-managed-flag>false</externally-managed-flag>
                <min-length>0</min-length>
            </attribute-definition>
            <attribute-definition attribute-id="payUSaltKey">
                <display-name xml:lang="x-default">Pay U Salt Key</display-name>
                <type>string</type>
                <mandatory-flag>false</mandatory-flag>
                <externally-managed-flag>false</externally-managed-flag>
                <min-length>0</min-length>
            </attribute-definition>
            <attribute-definition attribute-id="payUServiceProvider">
                <display-name xml:lang="x-default">Pay U Service Provider</display-name>
                <type>string</type>
                <mandatory-flag>false</mandatory-flag>
                <externally-managed-flag>false</externally-managed-flag>
                <min-length>0</min-length>
                <default-value>payu_paisa</default-value>
            </attribute-definition>
		</custom-attribute-definitions>
           <group-definitions>
            <attribute-group group-id="PayU">
                <display-name xml:lang="x-default">PayU</display-name>
                <attribute attribute-id="payUEnabled"/>
                <attribute attribute-id="payUMerchantKey"/>
                <attribute attribute-id="payUSaltKey"/>
                <attribute attribute-id="payUCheckoutURL"/>
                <attribute attribute-id="payUServiceProvider"/>
            </attribute-group>
        </group-definitions>
    </type-extension>

  </metadata>