<?xml version="1.0" encoding="UTF-8"?>
<metadata xmlns="http://www.demandware.com/xml/impex/metadata/2006-10-31">

    <type-extension type-id="SitePreferences">
        <custom-attribute-definitions>
            <attribute-definition attribute-id="enablePagination">
                <display-name xml:lang="x-default">enablePagination</display-name>
                <type>boolean</type>
                <mandatory-flag>false</mandatory-flag>
                <externally-managed-flag>false</externally-managed-flag>
            </attribute-definition>  
            <attribute-definition attribute-id="pageSize">
                <display-name xml:lang="x-default">pageSize</display-name>
                <type>string</type>
                <mandatory-flag>false</mandatory-flag>
                <externally-managed-flag>false</externally-managed-flag>
                <min-length>0</min-length>
                <default-value>20</default-value>
            </attribute-definition>
		</custom-attribute-definitions>
        <group-definitions>
            <attribute-group group-id="Storefront Configs">
                <display-name xml:lang="x-default">Storefront Configurations</display-name>
                <attribute attribute-id="listPriceDefault"/>
                <attribute attribute-id="GoogleVerificationTag"/>
                <attribute attribute-id="countryCode"/>
                <attribute attribute-id="customerServiceEmail"/>
                <attribute attribute-id="mapAPI"/>
                <attribute attribute-id="enablePagination"/>
                <attribute attribute-id="pageSize"/>
            </attribute-group>
            
        </group-definitions>
    </type-extension>

 
</metadata>