<?xml version="1.0" encoding="UTF-8"?>
<metadata xmlns="http://www.demandware.com/xml/impex/metadata/2006-10-31">
    <type-extension type-id="SitePreferences">
        <custom-attribute-definitions>
            <attribute-definition attribute-id="mailChimpApiKey">
                <display-name xml:lang="x-default">MailChimp Api Key</display-name>
                <type>string</type>
                <mandatory-flag>false</mandatory-flag>
                <externally-managed-flag>false</externally-managed-flag>
                <min-length>0</min-length>
            </attribute-definition>
        </custom-attribute-definitions>
        <group-definitions>
            <attribute-group group-id="mailChimp">
                <display-name xml:lang="x-default">MailChimp</display-name>
                <attribute attribute-id="mailChimpApiKey"/>
            </attribute-group>
        </group-definitions>
    </type-extension>

 
</metadata>