<?xml version="1.0" encoding="UTF-8"?>
<metadata xmlns="http://www.demandware.com/xml/impex/metadata/2006-10-31">


    <type-extension type-id="SitePreferences">
        <custom-attribute-definitions>
            <attribute-definition attribute-id="textLocalAPIKey">
                <display-name xml:lang="x-default">Text Local API Key</display-name>
                <type>string</type>
                <mandatory-flag>false</mandatory-flag>
                <externally-managed-flag>false</externally-managed-flag>
                <min-length>0</min-length>
            </attribute-definition>
			<attribute-definition attribute-id="textLocalSender">
                <display-name xml:lang="x-default">Text Local Sender </display-name>
                <type>string</type>
                <mandatory-flag>false</mandatory-flag>
                <externally-managed-flag>false</externally-managed-flag>
                <min-length>0</min-length>
            </attribute-definition>
			<attribute-definition attribute-id="textLocalTemplateJSON">
                <display-name xml:lang="x-default">Text Local Template JSON</display-name>
                <type>text</type>
                <mandatory-flag>false</mandatory-flag>
                <externally-managed-flag>false</externally-managed-flag>
                <min-length>0</min-length>
            </attribute-definition>
            <attribute-definition attribute-id="textLocalnabled">
                <display-name xml:lang="x-default">Text Local Enabled</display-name>
                <type>boolean</type>
                <mandatory-flag>false</mandatory-flag>
                <externally-managed-flag>false</externally-managed-flag>
                <default-value>true</default-value>
            </attribute-definition>
  </custom-attribute-definitions>
        <group-definitions>
			<attribute-group group-id="TextLocal">
                <display-name xml:lang="x-default">Text Local</display-name>
                <attribute attribute-id="textLocalnabled"/>
                <attribute attribute-id="textLocalAPIKey"/>
                <attribute attribute-id="textLocalSender"/>
                <attribute attribute-id="textLocalTemplateJSON"/>
            </attribute-group>
        </group-definitions>
    </type-extension>

</metadata>
